,Top 1 Model Ensemble,Top 2 Model Ensemble,Top 3 Model Ensemble,Top 4 Model Ensemble,Top 5 Model Ensemble,Top 6 Model Ensemble,Top 7 Model Ensemble,Top 8 Model Ensemble,Top 9 Model Ensemble,Top 10 Model Ensemble,Top 11 Model Ensemble,Top 12 Model Ensemble,Top 13 Model Ensemble,Top 14 Model Ensemble,Top 15 Model Ensemble,Top 16 Model Ensemble,Top 17 Model Ensemble
Training Accuracy,0.9881918562123376,0.9820613744818698,0.9909087742519768,0.991291929360131,0.9921279041415584,0.9913267616426904,0.9901424640356683,0.9894458183844788,0.9906997805566199,0.9905604514263819,0.9900727994705493,0.9900727994705493,0.9885401790379323,0.9885053467553728,0.9874603782785886,0.9857535964331743,0.9858232609982932
Validation Accuracy,0.7201003624198494,0.7114580429328129,0.7382213548926679,0.7382213548926679,0.7385001393922498,0.7396152773905771,0.7415667688876498,0.7393364928909952,0.7443546138834681,0.7471424588792863,0.7510454418734318,0.7510454418734318,0.7516030108725955,0.7518817953721773,0.7529969333705046,0.7518817953721773,0.7521605798717591
Testing Accuracy,0.7076023391812866,0.7034252297410192,0.7162350320245057,0.7259816207184628,0.7326649958228906,0.732386521860206,0.7346143135616819,0.734057365636313,0.732943469785575,0.7351712614870509,0.734057365636313,0.7379560011138958,0.7401837928153717,0.7385129490392648,0.7357282094124199,0.7371205792258424,0.7357282094124199
